Scholarship_Name,Organization,Amount,Deadline,Eligibility,Categories,GPA_Minimum,Renewable,URL,Confidence,Date_Found
,,,,,,,,,,
,,,,,,,,,,
,,,,,,,,,,
,,,,,,,,,,
,,,,,,,,,,
,,,,,,,,,,
,,,,,,,,,,
,,,,,,,,,,
,,,,,,,,,,
,,,,,,,,,,
,,,,,,,,,,
,,,,,,,,,,
,,,,,,,,,,
,,,,,,,,,,
,,,,,,,,,,
,,,,,,,,,,
,,,,,,,,,,
,,,,,,,,,,
,,,,,,,,,,
,,,,,,,,,,
,,,,,,,,,,
,,,,,,,,,,
,,,,,,,,,,
,,,,,,,,,,
,,,,,,,,,,
,,,,,,,,,,
,,,,,,,,,,
,,,,,,,,,,
,,,,,,,,,,
,,,,,,,,,,
,,,,,,,,,,
,,,,,,,,,,
,,,,,,,,,,
,,,,,,,,,,
,,,,,,,,,,
,,,,,,,,,,
,,,,,,,,,,
,,,,,,,,,,
,,,,,,,,,,
,,,,,,,,,,
,,,,,,,,,,
,,,,,,,,,,
,,,,,,,,,,
,,,,,,,,,,
,,,,,,,,,,
,,,,,,,,,,
,,,,,,,,,,
,,,,,,,,,,
,,,,,,,,,,
,,,,,,,,,,
,,,,,,,,,,
,,,,,,,,,,
,,,,,,,,,,
,,,,,,,,,,
,,,,,,,,,,
,,,,,,,,,,
,,,,,,,,,,
,,,,,,,,,,
,,,,,,,,,,
,,,,,,,,,,
,,,,,,,,,,
,,,,,,,,,,
,,,,,,,,,,
,,,,,,,,,,
,,,,,,,,,,
,,,,,,,,,,
,,,,,,,,,,
,,,,,,,,,,
,,,,,,,,,,
,,,,,,,,,,
,,,,,,,,,,
,,,,,,,,,,
,,,,,,,,,,
,,,,,,,,,,
,,,,,,,,,,
,,,,,,,,,,
,,,,,,,,,,
,,,,,,,,,,
,,,,,,,,,,
,,,,,,,,,,
,,,,,,,,,,
,,,,,,,,,,
,,,,,,,,,,
,,,,,,,,,,
,,,,,,,,,,
,,,,,,,,,,
,,,,,,,,,,
,,,,,,,,,,
,,,,,,,,,,
,,,,,,,,,,
,,,,,,,,,,
,,,,,,,,,,
,,,,,,,,,,
,,,,,,,,,,
,,,,,,,,,,
,,,,,,,,,,
,,,,,,,,,,
,,,,,,,,,,
,,,,,,,,,,
,,,,,,,,,,
,,,,,,,,,,
,,,,,,,,,,
,,,,,,,,,,
,,,,,,,,,,
,,,,,,,,,,
,,,,,,,,,,
,,,,,,,,,,
,,,,,,,,,,
,,,,,,,,,,
,,,,,,,,,,
,,,,,,,,,,
,,,,,,,,,,
,,,,,,,,,,
,,,,,,,,,,
,,,,,,,,,,
,,,,,,,,,,
,,,,,,,,,,
,,,,,,,,,,
,,,,,,,,,,
,,,,,,,,,,
,,,,,,,,,,
,,,,,,,,,,
,,,,,,,,,,
,,,,,,,,,,
,,,,,,,,,,
,,,,,,,,,,
,,,,,,,,,,
,,,,,,,,,,
,,,,,,,,,,
,,,,,,,,,,
,,,,,,,,,,
,,,,,,,,,,
,,,,,,,,,,
,,,,,,,,,,
,,,,,,,,,,
,,,,,,,,,,
,,,,,,,,,,
,,,,,,,,,,
,,,,,,,,,,
,,,,,,,,,,
,,,,,,,,,,
,,,,,,,,,,
,,,,,,,,,,
,,,,,,,,,,
,,,,,,,,,,
,,,,,,,,,,
,,,,,,,,,,
,,,,,,,,,,
,,,,,,,,,,
,,,,,,,,,,
,,,,,,,,,,
,,,,,,,,,,
,,,,,,,,,,
,,,,,,,,,,
,,,,,,,,,,
,,,,,,,,,,
,,,,,,,,,,
,,,,,,,,,,
,,,,,,,,,,
,,,,,,,,,,
,,,,,,,,,,
,,,,,,,,,,
,,,,,,,,,,
,,,,,,,,,,
,,,,,,,,,,
,,,,,,,,,,
,,,,,,,,,,
,,,,,,,,,,
,,,,,,,,,,
,,,,,,,,,,
,,,,,,,,,,
,,,,,,,,,,
,,,,,,,,,,
,,,,,,,,,,
,,,,,,,,,,
,,,,,,,,,,
,,,,,,,,,,
,,,,,,,,,,
,,,,,,,,,,
,,,,,,,,,,
,,,,,,,,,,
,,,,,,,,,,
,,,,,,,,,,
,,,,,,,,,,
,,,,,,,,,,
,,,,,,,,,,
,,,,,,,,,,
,,,,,,,,,,
,,,,,,,,,,
,,,,,,,,,,
,,,,,,,,,,
,,,,,,,,,,
,,,,,,,,,,
,,,,,,,,,,
,,,,,,,,,,
,,,,,,,,,,
,,,,,,,,,,
,,,,,,,,,,
,,,,,,,,,,
,,,,,,,,,,
,,,,,,,,,,
,,,,,,,,,,
,,,,,,,,,,
,,,,,,,,,,
,,,,,,,,,,
,,,,,,,,,,
,,,,,,,,,,
,,,,,,,,,,
,,,,,,,,,,
,,,,,,,,,,
,,,,,,,,,,
,,,,,,,,,,
,,,,,,,,,,
,,,,,,,,,,
,,,,,,,,,,
,,,,,,,,,,
,,,,,,,,,,
,,,,,,,,,,
,,,,,,,,,,
,,,,,,,,,,
,,,,,,,,,,
,,,,,,,,,,
,,,,,,,,,,
,,,,,,,,,,
,,,,,,,,,,
,,,,,,,,,,
,,,,,,,,,,
,,,,,,,,,,
,,,,,,,,,,
,,,,,,,,,,
,,,,,,,,,,
,,,,,,,,,,
,,,,,,,,,,
,,,,,,,,,,
,,,,,,,,,,
,,,,,,,,,,
,,,,,,,,,,
,,,,,,,,,,
,,,,,,,,,,
,,,,,,,,,,
,,,,,,,,,,
,,,,,,,,,,
,,,,,,,,,,
,,,,,,,,,,
,,,,,,,,,,
,,,,,,,,,,
,,,,,,,,,,
,,,,,,,,,,
,,,,,,,,,,
,,,,,,,,,,
,,,,,,,,,,
,,,,,,,,,,
,,,,,,,,,,
,,,,,,,,,,
,,,,,,,,,,
,,,,,,,,,,
,,,,,,,,,,
,,,,,,,,,,
,,,,,,,,,,
,,,,,,,,,,
,,,,,,,,,,
,,,,,,,,,,
,,,,,,,,,,
,,,,,,,,,,
,,,,,,,,,,
,,,,,,,,,,
,,,,,,,,,,
,,,,,,,,,,
,,,,,,,,,,
,,,,,,,,,,
,,,,,,,,,,
,,,,,,,,,,
,,,,,,,,,,
,,,,,,,,,,
,,,,,,,,,,
,,,,,,,,,,
,,,,,,,,,,
,,,,,,,,,,
,,,,,,,,,,
,,,,,,,,,,
,,,,,,,,,,
,,,,,,,,,,
,,,,,,,,,,
,,,,,,,,,,
,,,,,,,,,,
,,,,,,,,,,
,,,,,,,,,,
,,,,,,,,,,
,,,,,,,,,,
,,,,,,,,,,
,,,,,,,,,,
,,,,,,,,,,
,,,,,,,,,,
,,,,,,,,,,
,,,,,,,,,,
,,,,,,,,,,
,,,,,,,,,,
,,,,,,,,,,
,,,,,,,,,,
,,,,,,,,,,
,,,,,,,,,,
,,,,,,,,,,
,,,,,,,,,,
,,,,,,,,,,
,,,,,,,,,,
,,,,,,,,,,
,,,,,,,,,,
,,,,,,,,,,
,,,,,,,,,,
,,,,,,,,,,
,,,,,,,,,,
,,,,,,,,,,
,,,,,,,,,,
,,,,,,,,,,
,,,,,,,,,,
,,,,,,,,,,
,,,,,,,,,,
,,,,,,,,,,
,,,,,,,,,,
,,,,,,,,,,
,,,,,,,,,,
,,,,,,,,,,
,,,,,,,,,,
,,,,,,,,,,
,,,,,,,,,,
,,,,,,,,,,
,,,,,,,,,,
,,,,,,,,,,
,,,,,,,,,,
,,,,,,,,,,
,,,,,,,,,,
,,,,,,,,,,
,,,,,,,,,,
,,,,,,,,,,
,,,,,,,,,,
,,,,,,,,,,
,,,,,,,,,,
,,,,,,,,,,
,,,,,,,,,,
,,,,,,,,,,
,,,,,,,,,,
,,,,,,,,,,
,,,,,,,,,,
,,,,,,,,,,
,,,,,,,,,,
,,,,,,,,,,
,,,,,,,,,,
,,,,,,,,,,
,,,,,,,,,,
,,,,,,,,,,
,,,,,,,,,,
,,,,,,,,,,
,,,,,,,,,,
,,,,,,,,,,
,,,,,,,,,,
,,,,,,,,,,
,,,,,,,,,,
,,,,,,,,,,
,,,,,,,,,,
,,,,,,,,,,
,,,,,,,,,,
,,,,,,,,,,
,,,,,,,,,,
,,,,,,,,,,
,,,,,,,,,,
,,,,,,,,,,
,,,,,,,,,,
,,,,,,,,,,
,,,,,,,,,,
,,,,,,,,,,
,,,,,,,,,,
,,,,,,,,,,
,,,,,,,,,,
,,,,,,,,,,
,,,,,,,,,,
,,,,,,,,,,
,,,,,,,,,,
,,,,,,,,,,
,,,,,,,,,,
,,,,,,,,,,
,,,,,,,,,,
,,,,,,,,,,
,,,,,,,,,,
,,,,,,,,,,
,,,,,,,,,,
,,,,,,,,,,
,,,,,,,,,,
,,,,,,,,,,
,,,,,,,,,,
,,,,,,,,,,
,,,,,,,,,,
,,,,,,,,,,
,,,,,,,,,,
,,,,,,,,,,
,,,,,,,,,,
,,,,,,,,,,
,,,,,,,,,,
,,,,,,,,,,
,,,,,,,,,,
,,,,,,,,,,
,,,,,,,,,,
,,,,,,,,,,
,,,,,,,,,,
,,,,,,,,,,
,,,,,,,,,,
,,,,,,,,,,
,,,,,,,,,,
,,,,,,,,,,
,,,,,,,,,,
,,,,,,,,,,
,,,,,,,,,,
,,,,,,,,,,
,,,,,,,,,,
,,,,,,,,,,
,,,,,,,,,,
,,,,,,,,,,
,,,,,,,,,,
,,,,,,,,,,
,,,,,,,,,,
,,,,,,,,,,
,,,,,,,,,,
,,,,,,,,,,
,,,,,,,,,,
,,,,,,,,,,
,,,,,,,,,,
,,,,,,,,,,
,,,,,,,,,,
,,,,,,,,,,
,,,,,,,,,,
,,,,,,,,,,
,,,,,,,,,,
,,,,,,,,,,
,,,,,,,,,,
,,,,,,,,,,
,,,,,,,,,,
,,,,,,,,,,
,,,,,,,,,,
,,,,,,,,,,
,,,,,,,,,,
,,,,,,,,,,
,,,,,,,,,,
,,,,,,,,,,
,,,,,,,,,,
,,,,,,,,,,
,,,,,,,,,,
,,,,,,,,,,
,,,,,,,,,,
,,,,,,,,,,
,,,,,,,,,,
,,,,,,,,,,
,,,,,,,,,,
,,,,,,,,,,
,,,,,,,,,,
,,,,,,,,,,
,,,,,,,,,,
,,,,,,,,,,
,,,,,,,,,,
,,,,,,,,,,
,,,,,,,,,,
,,,,,,,,,,
,,,,,,,,,,
,,,,,,,,,,
,,,,,,,,,,
,,,,,,,,,,
,,,,,,,,,,
,,,,,,,,,,
,,,,,,,,,,
,,,,,,,,,,
,,,,,,,,,,
Jack Kent Cooke Foundation College Scholarship Program,Jack Kent Cooke Foundation,"Up to $55,000 per year","November 12, 2025",An undergraduate scholarship program available to high-achieving high school seniors with financial need who seek to attend the nation’s best four-year colleges and universities.,"Need-Based, Merit",,Yes,https://www.jkcf.org/our-scholarships/,100,2026-02-15
Fidelity Scholars Program,Fidelity in partnership with UNCF,Varies,"Application opens October 1, 2025","Open to under-resourced students ages 16-24 who will be high school seniors by October 1, 2025. Applicants must be permanent residents of CO, DC, FL, KY, MA, NJ, NM, NC, OH, RI, NH, UT, or TX. Must be Pell-eligible or demonstrate financial need and plan to attend a 4-year accredited college in their home state as an incoming freshman.","Need-Based, Merit",2.5,Unknown,https://uncf.org/pages/fidelity-scholars-program-register-now,95,2026-02-15
Dell Scholars Program,Michael & Susan Dell Foundation,"$20,000","February 15, 2026","Open to graduating high school seniors from the 2025-26 academic year who have participated in an approved college readiness program for their junior and senior years. Applicants must have a minimum 2.4 GPA, demonstrate financial need, be eligible for a Federal Pell Grant, and be a U.S. citizen or permanent resident. Must plan to enroll in a full-time bachelor's degree program in the fall immediately following graduation.",Need-Based,2.4,Unknown,https://www.fastweb.com/student-news/articles/apply-for-the-20k-dell-scholars-program,95,2026-02-15
NSHSS First Generation Scholarship,National Society of High School Scholars (NSHSS),"$1,000","March 30, 2026","Available to first-generation college students. Applicants must demonstrate a commitment to expanding diversity and inclusion initiatives in their school, community, or workplace. Selection is based on academic merit, an educator recommendation, and an essay.","Merit, Community Service, First-Gen",,Unknown,https://www.fastweb.com/college-scholarships/scholarships/183687-nshss-first-generation-scholarship,95,2026-02-15
First-Generation College Students Scholarship,wiseGEEK,$500,"July 15, 2024",Applicants must be a high school senior or current undergraduate student who is the first in their family to attend college or university.,"First-Gen, Merit",,No,https://bold.org/scholarships/first-generation-college-students-scholarship/,98,2026-02-15
Minority Women in STEM Financial Need Scholarship,Donald Huschle,"$15,000","June 14, 2026","Must be a BIPOC female undergraduate student studying a STEM major and demonstrating financial need. Applicants must be attending one of the following Texas universities: University of Texas at Dallas, University of Texas at Austin, University of North Texas, The University of Texas at Arlington, Texas Woman's University, or Texas A&M University- College Station.","Need-Based, Merit, STEM, Women, Minority",,No,https://bold.org/scholarships/minority-women-in-stem-financial-need-scholarship/,98,2026-02-15
National Hispanic Business Group Scholarship,National Hispanic Business Group,Varies,Varies,"Available to full-time students of Hispanic/Latino heritage residing in the Tri-State Region. Must be a U.S. citizen or permanent resident, pursuing a degree in business, with a minimum GPA of 3.0, and demonstrated financial need.","Need-Based, Merit, Heritage, Minority",3.0,Unknown,https://www.fastweb.com/college-scholarships/scholarships/3243-national-hispanic-business-group-scholarship,65,2026-02-15
Hispanic Climb to Success Scholarship,Tirado Family,"$1,000","July 27, 2026",Any low-income Hispanic or Latinx high school senior in New York may apply for this scholarship.,"Need-Based, Minority, Heritage",,Unknown,https://bold.org/scholarships/hispanic-climb-to-success-scholarship/,98,2026-02-15
Undergraduate Minorities in STEM Scholarship,Leslie Smith,$803,"October 21, 2025",Must be an underrepresented minority undergraduate student attending an HBCU and majoring in a STEM field. Applicants must have a minimum GPA of 3.0 or higher and be involved in their communities.,"Minority, STEM, Merit, Need-Based",3.0,No,https://bold.org/scholarships/undergraduate-minorities-in-stem-scholarship/,95,2026-02-15
Carl N. and Margaret Karcher Founders Scholarship,Carl's Jr. / CKE Restaurants,"$10,000","March 31, 2025",Must be a graduating high school senior or graduate planning to attend college for the first time as a full-time student. Applicants must be 26 years of age or younger and reside in one of the 16 states where Carl's Jr. operates. Winners demonstrate leadership in their communities and extracurricular activities. First-generation students are encouraged to apply.,"Merit, Leadership, Community Service, First-Gen",,Unknown,https://www.fastweb.com/student-news/articles/carl-s-jr-scholarship,90,2026-02-15
SCFU Scholarship for HBCU Business Students,The Social Change Fund United,"$5,000","June 1, 2025",Eligible applicants are undergraduate and graduate students currently enrolled in business-related majors at Historically Black Colleges and Universities (HBCUs). Applicants should be committed to driving social change and economic empowerment through their careers in business.,"Merit, Minority",,Unknown,https://bold.org/scholarships/SCFU-scholarship-for-HBCU-business-students/,100,2026-02-15
Milan Alexander Memorial Scholarship,Walter Alexander,$500,"October 13, 2025",Open to any undergraduate student pursuing a four-year degree at an HBCU. Applicants must be majoring in business or agriculture and have a GPA of 2.7 or higher. The scholarship aims to support students by reducing the expenses of tuition and books.,"Merit, STEM, Heritage, Community Service, Minority, Need-Based",2.7,Unknown,https://bold.org/scholarships/milan-alexander-memorial-scholarship/,100,2026-02-15
Cooke College Scholarship Program,Jack Kent Cooke Foundation,"Up to $55,000 per year",Closed,An undergraduate scholarship program available to high-achieving high school seniors with financial need who seek to attend and graduate from the nation's top four-year colleges and universities.,"Need-Based, Merit, Leadership, Community Service",,Yes,https://www.jkcf.org/our-scholarships/college-scholarship-program/,95,2026-02-15
Young Women in STEM Scholarship,Stephanie Hagopian,"$5,000","June 10, 2025",Open to female high school seniors and undergraduate students from a low-income household who are pursuing a degree in a STEM field.,"Need-Based, Merit, STEM, Women",,Unknown,https://bold.org/scholarships/young-women-in-stem-scholarship/,98,2026-02-15
InnovateHER Engineering Scholarship,Noa Michael (via Bold.org),$500,"April 21, 2026",Open to female-identifying high school seniors with a minimum 3.5 GPA who are planning to pursue a degree in engineering. Applicants must have prior non-profit or volunteering experience.,"Merit, STEM, Women, Community Service, Leadership, Minority",3.5,No,https://bold.org/scholarships/innovateHER-engineering-scholarship/,100,2026-02-15
Headbang For Science,Headbang For Science,"$33,015","July 1, 2025","Open to high school seniors, four-year undergraduate, or graduate students pursuing a career in healthcare or the physical sciences. Applicants must have a GPA of 3.0 or higher, demonstrate financial need, and have a deep passion for Heavy Metal music.","Merit, Need-Based, STEM",3.0,Unknown,https://bold.org/scholarships/headbang-for-science/,95,2026-02-15
Kinesiology Leadership/Community Service Scholarship - UM Eastern Shore,"University of Maryland, Eastern Shore","$5,000","February 15, 2026","Available to students at the University of Maryland, Eastern Shore, who are studying kinesiology, exercise science, or a related field. Applicants must demonstrate exceptional leadership and community service.","Merit, Leadership, Community Service",,Unknown,https://www.fastweb.com/college-scholarships/scholarships/191732-kinesiology-leadership-community-service-scholarship-um-eastern-shore,95,2026-02-15
Priscilla Shireen Luke Scholarship,Mary Atluri,"$1,000","February 16, 2026",Any community service-oriented undergraduate or graduate student who has non-profit or volunteering experience may apply. This scholarship seeks to honor the legacy of Priscilla Shireen by supporting students who share her devotion to service.,"Community Service, Women, Minority, Merit, Need-Based",,Unknown,https://bold.org/scholarships/priscilla-shireen-luke-scholarship/,95,2026-02-15
Bros for Good Scholarship,Bros for good,$500,"April 11, 2026",Must be a high school junior or senior residing in Ohio. Applicants must have volunteering or community service experience. The scholarship is intended for introverted students who are actively involved in making a positive impact on their communities.,"Community Service, Merit, Need-Based",,Unknown,https://bold.org/scholarships/bros-for-good-scholarship/,98,2026-02-15
Fine and Performing Arts Scholarship - University of Evansville,University of Evansville,"Up to $15,000",Varies,"Available to incoming freshmen who plan on majoring in art, music or theatre at the University of Evansville. Selection is based on the applicant's high school record.","Arts, Merit",,Yes,https://www.fastweb.com/college-scholarships/scholarships/18445-fine-and-performing-arts-scholarship-university-of-evansville,80,2026-02-15
Arts and Music Scholarship - Rhodes College,Rhodes College,"Up to $12,500","February 15, 2026","Available to entering freshmen at Rhodes College. You must plan to major or minor in art, music, or theatre to be eligible for this award.","Arts, Merit",,Unknown,https://www.fastweb.com/college-scholarships/scholarships/106325-arts-and-music-scholarship-rhodes-college,95,2026-02-15
Creative Arts Scholarship,"The Studio, LLC","$3,000","June 30, 2024","Open to high school seniors and undergraduate students from Illinois who plan to pursue a major in the performing arts, such as music, theater, or dance. Selection criteria include ambition and need.","Arts, Need-Based",,Unknown,https://bold.org/scholarships/creative-arts-scholarship/,100,2026-02-15
No Limits Athletic Scholarship,Kai Wayman,$500 each,"Dec 23, 2025","Open to high school seniors with a disability or special needs who participate in sports. Applicants must reside in an East Coast state (ME, NH, MA, RI, CT, NY, NJ, DE, MD, VA, NC, SC, GA, FL, VT, PA, WV, DC) and plan to pursue post-secondary education or training.","Merit, Athletic, Leadership",,Unknown,https://bold.org/scholarships/no-limits-athletic-scholarship/,98,2026-02-15
Scholar Athlete Scholarship,Maine Sports Hall of Fame,"$1,000","April 21, 2026","Available to high school seniors who have participated in sports. Selection is based on outstanding athletic ability and performance, academic aptitude and achievements, and school leadership and community service.","Merit, Leadership, Athletic, Community Service",,Unknown,https://www.fastweb.com/college-scholarships/scholarships/178147-scholar-athlete-scholarship,95,2026-02-15
Rev. Herman A. Martin Memorial Scholarship,Chauncey Jones (via Bold.org),"$1,000 ($500 per winner)","April 18, 2026",Must be a high school senior residing in Arkansas with a minimum GPA of 3.0. The scholarship aims to assist students in furthering their education.,"Merit, Community Service",3.0,No,https://bold.org/scholarships/herman-martin-memorial-scholarship/,100,2026-02-15
Breeze Sports Scholarship,Pacific Coast Medical Billing & Coding,"$1,500","April 7, 2026",Any undergraduate or graduate student who is passionate about sports and pursuing a career in a sports-related field may apply. Applicants should be committed to building a future in the industry and have a clear vision for their professional future.,"Merit, Athletic",,No,https://bold.org/scholarships/breeze-sports-scholarship/,95,2026-02-15
